date;name;type;lat;lon;height;t0_2024;p0_2024;w0_2024;t9_2024;p9_2024;w9_2024;t13_2024;p13_2024;w13_2024;t18_2024;p18_2024;w18_2024;t0_2025;p0_2025;w0_2025;t9_2025;p9_2025;w9_2025;t13_2025;p13_2025;w13_2025;t18_2025;p18_2025;w18_2025;t0_min;t0_max;p0_min;p0_max;w0_min;w0_max;t9_min;t9_max;p9_min;p9_max;w9_min;w9_max;t13_min;t13_max;p13_min;p13_max;w13_min;w13_max;t18_min;t18_max;p18_min;p18_max;w18_min;w18_max
21.07.2026;ТАЛАС;населённый пункт;42.510955;72.273736;;17.7;0.0;4.6;21.7;0.0;5.1;28.0;0.0;9.4;28.4;0.0;18.8;23.8;0.0;1.3;26.7;0.0;3.6;32.6;0.0;17.9;33.0;0.0;12.3;17.7;23.8;0.0;0.0;1.3;4.6;21.7;26.7;0.0;0.0;3.6;5.1;28.0;32.6;0.0;0.0;9.4;17.9;28.4;33.0;0.0;0.0;12.3;18.8
21.07.2026;ЖАНЫБЕК-БАТЫР;населённый пункт;42.44242;72.293326;;16.6;0.0;4.6;20.7;0.0;5.1;27.0;0.0;9.4;27.4;0.0;18.8;22.8;0.0;1.3;25.7;0.0;3.6;31.6;0.0;17.9;31.9;0.0;12.3;16.6;22.8;0.0;0.0;1.3;4.6;20.7;25.7;0.0;0.0;3.6;5.1;27.0;31.6;0.0;0.0;9.4;17.9;27.4;31.9;0.0;0.0;12.3;18.8
21.07.2026;КОЗУРЧАК;населённый пункт;42.441025;72.273886;;16.6;0.0;4.6;20.7;0.0;5.1;27.0;0.0;9.4;27.4;0.0;18.8;22.8;0.0;1.3;25.7;0.0;3.6;31.6;0.0;17.9;31.9;0.0;12.3;16.6;22.8;0.0;0.0;1.3;4.6;20.7;25.7;0.0;0.0;3.6;5.1;27.0;31.6;0.0;0.0;9.4;17.9;27.4;31.9;0.0;0.0;12.3;18.8
21.07.2026;мс1;ночёвка;42.41504;72.28558;1500.0;15.8;0.0;3.3;19.9;0.0;5.3;24.9;0.0;10.8;25.1;0.0;15.4;22.4;0.0;3.0;25.7;0.0;5.2;29.7;0.0;13.7;29.6;0.0;10.9;15.8;22.4;0.0;0.0;3.0;3.3;19.9;25.7;0.0;0.0;5.2;5.3;24.9;29.7;0.0;0.0;10.8;13.7;25.1;29.6;0.0;0.0;10.9;15.4
22.07.2026;мс2;ночёвка;42.211771;72.422909;2675.0;11.2;0.0;7.9;13.0;0.0;6.5;15.9;0.3;6.6;16.6;0.0;4.4;10.3;0.0;3.5;17.0;0.0;1.9;20.1;0.0;2.3;20.7;0.0;9.9;10.3;11.2;0.0;0.0;3.5;7.9;13.0;17.0;0.0;0.0;1.9;6.5;15.9;20.1;0.0;0.3;2.3;6.6;16.6;20.7;0.0;0.0;4.4;9.9
23.07.2026;Пер. Терек;перевал;42.201214;72.363171;3376.0;6.7;0.0;8.9;10.4;0.0;6.5;8.9;0.4;6.9;8.5;0.1;6.1;6.6;0.0;3.0;13.8;0.0;6.1;16.7;0.0;4.6;15.2;0.0;9.9;6.6;6.7;0.0;0.0;3.0;8.9;10.4;13.8;0.0;0.0;6.1;6.5;8.9;16.7;0.0;0.4;4.6;6.9;8.5;15.2;0.0;0.1;6.1;9.9
23.07.2026;КЕСКЕН-ТЕБЕ;населённый пункт;42.015948;72.468378;;22.9;0.0;5.8;25.1;0.0;2.9;24.0;0.0;1.0;22.4;0.3;4.7;22.3;0.0;3.6;26.6;0.0;2.1;30.3;0.0;5.1;30.9;0.0;3.6;22.3;22.9;0.0;0.0;3.6;5.8;25.1;26.6;0.0;0.0;2.1;2.9;24.0;30.3;0.0;0.0;1.0;5.1;22.4;30.9;0.0;0.3;3.6;4.7
23.07.2026;КАРА-КУНГЕЙ;населённый пункт;41.995885;72.482132;;22.9;0.0;5.8;25.1;0.0;2.9;24.0;0.0;1.0;22.4;0.3;4.7;22.3;0.0;3.6;26.6;0.0;2.1;30.3;0.0;5.1;30.9;0.0;3.6;22.3;22.9;0.0;0.0;3.6;5.8;25.1;26.6;0.0;0.0;2.1;2.9;24.0;30.3;0.0;0.0;1.0;5.1;22.4;30.9;0.0;0.3;3.6;4.7
23.07.2026;САГЫЗКАНДЫК;населённый пункт;41.974449;72.501831;;20.0;0.0;8.0;25.8;0.0;6.6;24.5;0.6;4.0;24.1;0.0;2.3;22.8;0.0;5.3;26.9;0.0;4.2;31.0;0.0;1.4;31.6;0.0;3.3;20.0;22.8;0.0;0.0;5.3;8.0;25.8;26.9;0.0;0.0;4.2;6.6;24.5;31.0;0.0;0.6;1.4;4.0;24.1;31.6;0.0;0.0;2.3;3.3
23.07.2026;АК-ТЕКТИР;населённый пункт;41.964343;72.517495;;19.9;0.0;8.0;25.8;0.0;6.6;24.4;0.6;4.0;24.0;0.0;2.3;22.8;0.0;5.3;26.9;0.0;4.2;30.9;0.0;1.4;31.6;0.0;3.3;19.9;22.8;0.0;0.0;5.3;8.0;25.8;26.9;0.0;0.0;4.2;6.6;24.4;30.9;0.0;0.6;1.4;4.0;24.0;31.6;0.0;0.0;2.3;3.3
23.07.2026;мс3;ночёвка;41.929839;72.582726;1025.0;21.0;0.0;8.0;26.8;0.0;6.6;25.5;0.6;4.0;25.1;0.0;2.3;23.8;0.0;5.3;27.9;0.0;4.2;32.0;0.0;1.4;32.6;0.0;3.3;21.0;23.8;0.0;0.0;5.3;8.0;26.8;27.9;0.0;0.0;4.2;6.6;25.5;32.0;0.0;0.6;1.4;4.0;25.1;32.6;0.0;0.0;2.3;3.3
24.07.2026;БАЛЫКТЫ;населённый пункт;41.929367;72.589786;;19.1;0.0;6.0;21.8;0.0;4.3;26.2;0.0;1.3;27.0;0.0;2.9;23.1;0.0;3.4;29.1;0.0;3.7;31.8;0.0;5.1;30.9;0.0;1.8;19.1;23.1;0.0;0.0;3.4;6.0;21.8;29.1;0.0;0.0;3.7;4.3;26.2;31.8;0.0;0.0;1.3;5.1;27.0;30.9;0.0;0.0;1.8;2.9
24.07.2026;ЧОЛПОН-АТА;населённый пункт;41.919067;72.597789;;19.3;0.0;6.0;21.9;0.0;4.3;26.3;0.0;1.3;27.2;0.0;2.9;23.2;0.0;3.4;29.3;0.0;3.7;31.9;0.0;5.1;31.1;0.0;1.8;19.3;23.2;0.0;0.0;3.4;6.0;21.9;29.3;0.0;0.0;3.7;4.3;26.3;31.9;0.0;0.0;1.3;5.1;27.2;31.1;0.0;0.0;1.8;2.9
24.07.2026;ЧОН-АРЫК;населённый пункт;41.890743;72.651004;;20.6;0.0;3.3;22.5;0.0;1.5;26.6;0.0;2.2;28.5;0.0;1.1;23.6;0.0;5.6;28.5;0.0;2.9;31.3;0.0;4.3;31.7;0.0;3.7;20.6;23.6;0.0;0.0;3.3;5.6;22.5;28.5;0.0;0.0;1.5;2.9;26.6;31.3;0.0;0.0;2.2;4.3;28.5;31.7;0.0;0.0;1.1;3.7
24.07.2026;ТЕРЕК-СУУ;населённый пункт;41.884799;72.699756;;20.3;0.0;3.3;22.2;0.0;1.5;26.3;0.0;2.2;28.2;0.0;1.1;23.3;0.0;5.6;28.2;0.0;2.9;31.0;0.0;4.3;31.4;0.0;3.7;20.3;23.3;0.0;0.0;3.3;5.6;22.2;28.2;0.0;0.0;1.5;2.9;26.3;31.0;0.0;0.0;2.2;4.3;28.2;31.4;0.0;0.0;1.1;3.7
24.07.2026;БАЛА-ЧЫЧКАН;населённый пункт;41.897395;72.91253;;23.8;0.0;4.9;22.6;0.0;2.9;27.4;0.0;6.1;29.4;0.0;3.6;25.8;0.0;2.6;27.6;0.0;3.8;31.5;0.0;4.3;32.2;0.0;3.6;23.8;25.8;0.0;0.0;2.6;4.9;22.6;27.6;0.0;0.0;2.9;3.8;27.4;31.5;0.0;0.0;4.3;6.1;29.4;32.2;0.0;0.0;3.6;3.6
24.07.2026;ТОКТОГУЛ;населённый пункт;41.882353;72.942121;;23.8;0.0;4.9;22.6;0.0;2.9;27.4;0.0;6.1;29.4;0.0;3.6;25.8;0.0;2.6;27.6;0.0;3.8;31.5;0.0;4.3;32.2;0.0;3.6;23.8;25.8;0.0;0.0;2.6;4.9;22.6;27.6;0.0;0.0;2.9;3.8;27.4;31.5;0.0;0.0;4.3;6.1;29.4;32.2;0.0;0.0;3.6;3.6
24.07.2026;КАРА-ТЕКТИР;населённый пункт;41.867097;72.998361;;23.7;0.0;4.5;22.3;0.0;3.6;27.5;0.0;8.9;29.0;0.0;5.2;26.7;0.0;1.4;27.8;0.0;1.9;31.6;0.0;6.2;32.1;0.0;6.3;23.7;26.7;0.0;0.0;1.4;4.5;22.3;27.8;0.0;0.0;1.9;3.6;27.5;31.6;0.0;0.0;6.2;8.9;29.0;32.1;0.0;0.0;5.2;6.3
24.07.2026;ТОРКЕНТ;населённый пункт;41.844716;73.152685;;21.6;0.0;4.6;23.3;0.0;5.4;28.7;0.0;10.7;29.2;0.0;8.0;26.5;0.0;6.1;29.5;0.0;2.8;34.0;0.0;10.9;34.0;0.0;11.5;21.6;26.5;0.0;0.0;4.6;6.1;23.3;29.5;0.0;0.0;2.8;5.4;28.7;34.0;0.0;0.0;10.7;10.9;29.2;34.0;0.0;0.0;8.0;11.5
24.07.2026;КАРА-ЖЫГАЧ;населённый пункт;41.784248;73.27435;;22.1;0.0;5.8;23.0;0.0;3.4;28.9;0.0;8.3;29.6;0.0;7.5;23.5;0.0;3.1;29.5;0.0;2.8;34.0;0.0;5.8;33.2;0.0;8.0;22.1;23.5;0.0;0.0;3.1;5.8;23.0;29.5;0.0;0.0;2.8;3.4;28.9;34.0;0.0;0.0;5.8;8.3;29.6;33.2;0.0;0.0;7.5;8.0
24.07.2026;УЧ-ТЕРЕК;населённый пункт;41.761074;73.203883;;21.2;0.0;6.3;22.7;0.0;2.8;27.2;0.0;9.5;28.9;0.0;6.9;23.3;0.0;3.6;28.8;0.0;3.8;33.2;0.0;6.3;32.8;0.0;5.6;21.2;23.3;0.0;0.0;3.6;6.3;22.7;28.8;0.0;0.0;2.8;3.8;27.2;33.2;0.0;0.0;6.3;9.5;28.9;32.8;0.0;0.0;5.6;6.9
24.07.2026;мс4;ночёвка;41.767104;73.2059;915.0;21.5;0.0;6.3;23.0;0.0;2.8;27.5;0.0;9.5;29.2;0.0;6.9;23.6;0.0;3.6;29.1;0.0;3.8;33.5;0.0;6.3;33.1;0.0;5.6;21.5;23.6;0.0;0.0;3.6;6.3;23.0;29.1;0.0;0.0;2.8;3.8;27.5;33.5;0.0;0.0;6.3;9.5;29.2;33.1;0.0;0.0;5.6;6.9
25.07.2026;УЧ-ТЕРЕК;населённый пункт;41.761074;73.203883;;23.1;0.0;4.2;24.6;0.0;2.8;28.4;0.0;2.3;29.5;0.0;8.4;22.2;0.0;3.3;26.5;0.0;2.4;32.0;0.0;10.0;32.3;0.0;5.2;22.2;23.1;0.0;0.0;3.3;4.2;24.6;26.5;0.0;0.0;2.4;2.8;28.4;32.0;0.0;0.0;2.3;10.0;29.5;32.3;0.0;0.0;5.2;8.4
25.07.2026;Пер. Каргыш;перевал;41.657326;73.114791;1961.0;15.2;0.0;4.2;18.0;0.1;0.8;21.3;0.1;4.8;20.9;0.0;5.2;18.0;0.0;4.8;22.1;0.0;1.8;24.9;0.0;2.9;24.1;0.0;6.4;15.2;18.0;0.0;0.0;4.2;4.8;18.0;22.1;0.0;0.1;0.8;1.8;21.3;24.9;0.0;0.1;2.9;4.8;20.9;24.1;0.0;0.0;5.2;6.4
25.07.2026;мс5;ночёвка;41.604583;73.029174;2120.0;14.1;0.0;4.2;16.9;0.1;0.8;20.2;0.1;4.8;19.9;0.0;5.2;17.0;0.0;4.8;21.1;0.0;1.8;23.9;0.0;2.9;23.0;0.0;6.4;14.1;17.0;0.0;0.0;4.2;4.8;16.9;21.1;0.0;0.1;0.8;1.8;20.2;23.9;0.0;0.1;2.9;4.8;19.9;23.0;0.0;0.0;5.2;6.4
26.07.2026;Пер. Шалдырак;перевал;41.579263;73.016986;3048.0;8.9;0.0;1.5;13.5;0.0;3.3;15.7;0.2;4.6;16.3;0.0;5.4;10.8;0.0;0.9;14.9;0.0;1.0;17.0;0.2;3.2;16.0;0.1;5.9;8.9;10.8;0.0;0.0;0.9;1.5;13.5;14.9;0.0;0.0;1.0;3.3;15.7;17.0;0.2;0.2;3.2;4.6;16.0;16.3;0.0;0.1;5.4;5.9
26.07.2026;КЫЗЫЛ-УНКЮР;населённый пункт;41.379321;73.064236;;17.2;0.0;9.9;26.5;0.0;5.4;30.5;0.0;5.2;30.2;0.0;0.8;15.8;0.0;10.5;25.8;0.0;3.7;30.1;0.0;3.8;30.0;0.0;2.6;15.8;17.2;0.0;0.0;9.9;10.5;25.8;26.5;0.0;0.0;3.7;5.4;30.1;30.5;0.0;0.0;3.8;5.2;30.0;30.2;0.0;0.0;0.8;2.6
26.07.2026;ДАШМАН;населённый пункт;41.353228;73.013231;;15.4;0.0;8.2;23.3;0.0;4.9;26.4;0.1;5.0;26.0;0.0;5.9;15.2;0.0;8.2;23.5;0.0;2.2;26.6;0.0;6.4;25.8;0.0;5.7;15.2;15.4;0.0;0.0;8.2;8.2;23.3;23.5;0.0;0.0;2.2;4.9;26.4;26.6;0.0;0.1;5.0;6.4;25.8;26.0;0.0;0.0;5.7;5.9
26.07.2026;мс6;ночёвка;41.35134;73.007459;1670.0;15.4;0.0;8.2;23.3;0.0;4.9;26.4;0.1;5.0;26.0;0.0;5.9;15.2;0.0;8.2;23.5;0.0;2.2;26.6;0.0;6.4;25.8;0.0;5.7;15.2;15.4;0.0;0.0;8.2;8.2;23.3;23.5;0.0;0.0;2.2;4.9;26.4;26.6;0.0;0.1;5.0;6.4;25.8;26.0;0.0;0.0;5.7;5.9
27.07.2026;ДЖАРА-ДАР;населённый пункт;;;;;;;;;;;;;;;;;;;;;;;;;;;;;;;;;;;;;;;;;;;;;;;;;;;
27.07.2026;ГУМКАНА;населённый пункт;41.315827;72.965488;;20.3;0.0;6.9;26.0;0.0;2.5;29.8;0.0;5.9;29.7;0.0;6.8;19.3;0.0;6.8;24.2;0.0;3.6;27.6;0.0;5.1;27.4;0.0;7.3;19.3;20.3;0.0;0.0;6.8;6.9;24.2;26.0;0.0;0.0;2.5;3.6;27.6;29.8;0.0;0.0;5.1;5.9;27.4;29.7;0.0;0.0;6.8;7.3
27.07.2026;КЫЗЫЛ-СУУ;населённый пункт;41.299155;72.992653;;20.4;0.0;8.3;26.1;0.0;4.9;31.0;0.0;6.4;31.4;0.0;6.9;18.1;0.0;9.9;24.7;0.0;6.0;28.7;0.0;3.6;29.1;0.0;6.5;18.1;20.4;0.0;0.0;8.3;9.9;24.7;26.1;0.0;0.0;4.9;6.0;28.7;31.0;0.0;0.0;3.6;6.4;29.1;31.4;0.0;0.0;6.5;6.9
27.07.2026;ЧАРБАК;населённый пункт;41.262162;73.007545;;21.0;0.0;8.3;26.6;0.0;4.9;31.6;0.0;6.4;32.0;0.0;6.9;18.6;0.0;9.9;25.3;0.0;6.0;29.3;0.0;3.6;29.6;0.0;6.5;18.6;21.0;0.0;0.0;8.3;9.9;25.3;26.6;0.0;0.0;4.9;6.0;29.3;31.6;0.0;0.0;3.6;6.4;29.6;32.0;0.0;0.0;6.5;6.9
27.07.2026;ООГОН-ТАЛАА;населённый пункт;41.267161;73.022093;;21.3;0.0;8.3;26.9;0.0;4.9;31.9;0.0;6.4;32.3;0.0;6.9;18.9;0.0;9.9;25.6;0.0;6.0;29.6;0.0;3.6;29.9;0.0;6.5;18.9;21.3;0.0;0.0;8.3;9.9;25.6;26.9;0.0;0.0;4.9;6.0;29.6;31.9;0.0;0.0;3.6;6.4;29.9;32.3;0.0;0.0;6.5;6.9
27.07.2026;КАРА-КЕЛЬ;населённый пункт;;;;;;;;;;;;;;;;;;;;;;;;;;;;;;;;;;;;;;;;;;;;;;;;;;;
27.07.2026;АНЧАЛУУ;населённый пункт;;;;;;;;;;;;;;;;;;;;;;;;;;;;;;;;;;;;;;;;;;;;;;;;;;;
27.07.2026;АК-ТОК;населённый пункт;;;;;;;;;;;;;;;;;;;;;;;;;;;;;;;;;;;;;;;;;;;;;;;;;;;
27.07.2026;ДЖАНЫ-АРЫК;населённый пункт;;;;;;;;;;;;;;;;;;;;;;;;;;;;;;;;;;;;;;;;;;;;;;;;;;;
27.07.2026;КАШКА-ТЕРЕК;населённый пункт;;;;;;;;;;;;;;;;;;;;;;;;;;;;;;;;;;;;;;;;;;;;;;;;;;;
27.07.2026;КАРА-БУЛАК;населённый пункт;;;;;;;;;;;;;;;;;;;;;;;;;;;;;;;;;;;;;;;;;;;;;;;;;;;
27.07.2026;АКЫЯ;населённый пункт;;;;;;;;;;;;;;;;;;;;;;;;;;;;;;;;;;;;;;;;;;;;;;;;;;;
27.07.2026;мс7;ночёвка;41.164057;73.284156;1196.0;21.1;0.0;9.7;27.2;0.0;2.5;31.7;0.0;8.0;31.2;0.0;8.0;19.7;0.0;9.2;25.7;0.0;3.8;29.4;0.0;7.6;29.1;0.0;7.8;19.7;21.1;0.0;0.0;9.2;9.7;25.7;27.2;0.0;0.0;2.5;3.8;29.4;31.7;0.0;0.0;7.6;8.0;29.1;31.2;0.0;0.0;7.8;8.0
28.07.2026;Пер. Сары-Кыр;перевал;41.28819;73.628766;2979.0;11.6;0.0;7.5;16.0;0.0;5.4;18.4;0.0;12.9;17.6;0.0;14.3;8.6;0.0;3.6;11.9;0.0;3.9;14.8;0.0;11.0;14.2;0.0;15.1;8.6;11.6;0.0;0.0;3.6;7.5;11.9;16.0;0.0;0.0;3.9;5.4;14.8;18.4;0.0;0.0;11.0;12.9;14.2;17.6;0.0;0.0;14.3;15.1
28.07.2026;мс8;ночёвка;41.326106;73.657949;;16.8;0.0;10.5;22.6;0.0;0.0;27.4;0.0;12.2;26.5;0.0;14.7;13.5;0.0;9.5;18.9;0.0;2.2;23.0;0.0;7.9;22.3;0.0;15.9;13.5;16.8;0.0;0.0;9.5;10.5;18.9;22.6;0.0;0.0;0.0;2.2;23.0;27.4;0.0;0.0;7.9;12.2;22.3;26.5;0.0;0.0;14.7;15.9
29.07.2026;Пер. Ак-Чеке-Бель;перевал;41.361532;73.831219;1621.0;19.4;0.0;9.1;25.1;0.0;3.3;32.2;0.0;3.3;33.9;0.0;12.5;20.6;0.0;6.6;21.4;0.0;3.8;26.8;0.1;2.1;28.0;0.0;16.6;19.4;20.6;0.0;0.0;6.6;9.1;21.4;25.1;0.0;0.0;3.3;3.8;26.8;32.2;0.0;0.1;2.1;3.3;28.0;33.9;0.0;0.0;12.5;16.6
29.07.2026;КЕКЕРИМ;населённый пункт;;;;;;;;;;;;;;;;;;;;;;;;;;;;;;;;;;;;;;;;;;;;;;;;;;;
29.07.2026;КАЗАРМАН;населённый пункт;41.406486;74.011807;;21.4;0.0;5.2;26.2;0.0;2.2;34.4;0.0;3.5;36.6;0.0;10.3;23.6;0.0;12.1;23.2;0.0;2.9;29.1;0.0;4.7;31.0;0.0;18.1;21.4;23.6;0.0;0.0;5.2;12.1;23.2;26.2;0.0;0.0;2.2;2.9;29.1;34.4;0.0;0.0;3.5;4.7;31.0;36.6;0.0;0.0;10.3;18.1
29.07.2026;мс9;ночёвка;41.401529;74.022815;1268.0;21.6;0.0;5.2;26.4;0.0;2.2;34.6;0.0;3.5;36.8;0.0;10.3;23.8;0.0;12.1;23.5;0.0;2.9;29.4;0.0;4.7;31.3;0.0;18.1;21.6;23.8;0.0;0.0;5.2;12.1;23.5;26.4;0.0;0.0;2.2;2.9;29.4;34.6;0.0;0.0;3.5;4.7;31.3;36.8;0.0;0.0;10.3;18.1
30.07.2026;мс10;ночёвка;41.731548;74.060602;1313.0;25.2;0.0;3.2;25.5;0.0;5.5;31.5;0.0;8.0;31.0;0.0;6.5;19.4;0.0;0.4;19.2;0.0;5.5;24.7;0.5;7.4;24.2;0.0;7.6;19.4;25.2;0.0;0.0;0.4;3.2;19.2;25.5;0.0;0.0;5.5;5.5;24.7;31.5;0.0;0.5;7.4;8.0;24.2;31.0;0.0;0.0;6.5;7.6
31.07.2026;ЧАЕК;населённый пункт;41.927693;74.511685;;22.8;0.0;3.6;24.2;0.0;2.3;30.1;0.0;14.0;27.2;0.0;6.1;17.0;0.0;2.3;17.3;0.1;5.7;22.8;0.0;4.9;23.4;0.0;11.6;17.0;22.8;0.0;0.0;2.3;3.6;17.3;24.2;0.0;0.1;2.3;5.7;22.8;30.1;0.0;0.0;4.9;14.0;23.4;27.2;0.0;0.0;6.1;11.6
31.07.2026;мс11;ночёвка;42.018352;74.578139;1845.0;21.6;0.0;3.6;23.0;0.0;2.3;28.9;0.0;14.0;26.0;0.0;6.1;15.8;0.0;2.3;16.1;0.1;5.7;21.6;0.0;4.9;22.2;0.0;11.6;15.8;21.6;0.0;0.0;2.3;3.6;16.1;23.0;0.0;0.1;2.3;5.7;21.6;28.9;0.0;0.0;4.9;14.0;22.2;26.0;0.0;0.0;6.1;11.6
01.08.2026;Пер. 3388;перевал;42.240138;74.702744;3388.0;6.9;0.0;1.8;12.1;0.0;3.6;15.3;0.0;6.1;16.3;0.0;9.9;3.1;0.0;0.4;4.3;0.0;3.7;8.3;0.0;8.0;7.2;0.2;5.5;3.1;6.9;0.0;0.0;0.4;1.8;4.3;12.1;0.0;0.0;3.6;3.7;8.3;15.3;0.0;0.0;6.1;8.0;7.2;16.3;0.0;0.2;5.5;9.9
01.08.2026;мс12;ночёвка;42.230761;74.934852;2747.0;11.2;0.0;4.3;15.2;0.0;2.9;21.2;0.0;6.9;21.1;0.0;5.5;7.1;0.0;1.8;6.6;0.2;8.1;12.8;0.2;13.2;13.8;0.8;14.3;7.1;11.2;0.0;0.0;1.8;4.3;6.6;15.2;0.0;0.2;2.9;8.1;12.8;21.2;0.0;0.2;6.9;13.2;13.8;21.1;0.0;0.8;5.5;14.3
02.08.2026;мс13;ночёвка;42.410941;75.016906;3189.0;10.4;0.0;2.2;10.9;0.3;4.3;11.7;0.3;4.3;12.1;0.0;5.1;4.6;0.0;2.1;4.5;0.2;7.0;10.1;0.0;17.1;10.0;0.0;14.2;4.6;10.4;0.0;0.0;2.1;2.2;4.5;10.9;0.2;0.3;4.3;7.0;10.1;11.7;0.0;0.3;4.3;17.1;10.0;12.1;0.0;0.0;5.1;14.2
03.08.2026;Пер. Кегеты;перевал;42.427077;75.032978;3805.0;4.4;0.0;4.8;5.8;0.1;6.6;9.1;0.4;2.9;7.2;0.2;6.1;0.4;0.0;4.2;4.6;0.0;11.5;7.4;0.0;10.1;5.4;0.1;4.2;0.4;4.4;0.0;0.0;4.2;4.8;4.6;5.8;0.0;0.1;6.6;11.5;7.4;9.1;0.0;0.4;2.9;10.1;5.4;7.2;0.1;0.2;4.2;6.1
03.08.2026;мс14;ночёвка;42.681759;75.161724;1266.0;24.9;0.0;11.3;23.9;0.0;3.8;28.8;0.0;3.6;30.2;0.0;8.7;17.1;0.0;4.5;21.6;0.0;1.1;25.3;0.0;9.3;21.0;0.0;14.5;17.1;24.9;0.0;0.0;4.5;11.3;21.6;23.9;0.0;0.0;1.1;3.8;25.3;28.8;0.0;0.0;3.6;9.3;21.0;30.2;0.0;0.0;8.7;14.5
04.08.2026;ОРЛОВКА;населённый пункт;42.743514;75.582981;;22.5;0.0;7.9;28.2;0.0;14.5;33.3;0.0;13.2;31.3;0.0;20.4;18.0;0.0;9.6;24.5;0.0;3.1;28.4;0.0;18.4;24.6;0.0;15.3;18.0;22.5;0.0;0.0;7.9;9.6;24.5;28.2;0.0;0.0;3.1;14.5;28.4;33.3;0.0;0.0;13.2;18.4;24.6;31.3;0.0;0.0;15.3;20.4
04.08.2026;мс15;ночёвка;42.688239;75.907786;1310.0;19.8;0.0;3.4;26.6;0.0;2.2;30.8;0.0;7.6;30.1;0.0;10.8;15.3;0.0;2.9;22.5;0.0;1.2;26.9;0.1;8.0;23.0;0.1;10.9;15.3;19.8;0.0;0.0;2.9;3.4;22.5;26.6;0.0;0.0;1.2;2.2;26.9;30.8;0.0;0.1;7.6;8.0;23.0;30.1;0.0;0.1;10.8;10.9
05.08.2026;мс16;ночёвка;42.852476;76.601019;2367.0;12.6;0.0;3.3;16.5;0.0;2.3;15.4;2.9;4.0;15.5;0.9;4.7;8.1;0.0;2.0;12.5;0.0;1.2;13.8;0.5;7.4;11.5;0.1;4.1;8.1;12.6;0.0;0.0;2.0;3.3;12.5;16.5;0.0;0.0;1.2;2.3;13.8;15.4;0.5;2.9;4.0;7.4;11.5;15.5;0.1;0.9;4.1;4.7
06.08.2026;мс17;ночёвка;42.811706;76.835594;3300.0;6.4;0.0;1.5;7.3;0.6;7.1;9.4;0.1;7.0;7.9;0.1;1.5;1.5;0.0;3.5;5.9;0.0;5.5;10.2;0.2;10.5;9.6;0.0;4.5;1.5;6.4;0.0;0.0;1.5;3.5;5.9;7.3;0.0;0.6;5.5;7.1;9.4;10.2;0.1;0.2;7.0;10.5;7.9;9.6;0.0;0.1;1.5;4.5
07.08.2026;Пер. Кок-Айрык;перевал;42.795913;76.844456;3890.0;0.8;0.0;4.0;3.8;0.0;2.5;6.6;0.4;7.1;5.9;0.0;2.5;-0.6;0.0;1.6;5.1;0.0;8.0;8.7;0.0;11.6;5.0;0.1;8.6;-0.6;0.8;0.0;0.0;1.6;4.0;3.8;5.1;0.0;0.0;2.5;8.0;6.6;8.7;0.0;0.4;7.1;11.6;5.0;5.9;0.0;0.1;2.5;8.6
07.08.2026;мс18;ночёвка;42.601142;76.914537;1620.0;15.0;0.3;5.0;16.4;0.0;4.7;18.3;0.0;6.2;19.6;0.0;5.9;16.1;0.0;4.3;19.8;0.0;8.9;21.4;0.0;6.0;20.3;0.0;7.1;15.0;16.1;0.0;0.3;4.3;5.0;16.4;19.8;0.0;0.0;4.7;8.9;18.3;21.4;0.0;0.0;6.0;6.2;19.6;20.3;0.0;0.0;5.9;7.1
